INSERT INTO LEDGER_USER (ID, USERNAME) VALUES (1, 'NeoXu');

INSERT INTO ACCOUNT (ID, USER_ID, ACCOUNT_NAME, ACCOUNT_STATUS) VALUES (1, 1,'FIRST ACCOUNT', 'OPEN');
INSERT INTO ACCOUNT (ID, USER_ID, ACCOUNT_NAME, ACCOUNT_STATUS) VALUES (2, 1,'SECOND ACCOUNT', 'OPEN');

INSERT INTO WALLET (ID, ACCOUNT_ID, WALLET_NAME) VALUES (1, 1,'FIRST WALLET');
INSERT INTO WALLET (ID, ACCOUNT_ID, WALLET_NAME) VALUES (2, 1,'SECOND WALLET');
INSERT INTO WALLET (ID, ACCOUNT_ID, WALLET_NAME) VALUES (3, 1,'THIRD WALLET');

INSERT INTO ASSET (ID, ASSET_NAME, ASSET_TYPE) VALUES (1, 'Euro', 'CURRENCY');
INSERT INTO ASSET (ID, ASSET_NAME, ASSET_TYPE) VALUES (2, 'UK Pound', 'CURRENCY');
INSERT INTO ASSET (ID, ASSET_NAME, ASSET_TYPE) VALUES (3, 'HK Dollar', 'CURRENCY');
INSERT INTO ASSET (ID, ASSET_NAME, ASSET_TYPE) VALUES (4, 'Indian Rupee', 'CURRENCY');
INSERT INTO ASSET (ID, ASSET_NAME, ASSET_TYPE) VALUES (5, 'Japanese Yen', 'CURRENCY');
INSERT INTO ASSET (ID, ASSET_NAME, ASSET_TYPE) VALUES (6, 'Canadian Dollar', 'CURRENCY');
INSERT INTO ASSET (ID, ASSET_NAME, ASSET_TYPE) VALUES (7, 'HSBC', 'STOCK');
INSERT INTO ASSET (ID, ASSET_NAME, ASSET_TYPE) VALUES (8, 'LLOY', 'STOCK');
INSERT INTO ASSET (ID, ASSET_NAME, ASSET_TYPE) VALUES (9, 'BP', 'STOCK');
INSERT INTO ASSET (ID, ASSET_NAME, ASSET_TYPE) VALUES (10, 'Apple Inc', 'STOCK');
INSERT INTO ASSET (ID, ASSET_NAME, ASSET_TYPE) VALUES (11, 'BT Group PLC', 'STOCK');
INSERT INTO ASSET (ID, ASSET_NAME, ASSET_TYPE) VALUES (12, 'Ethereum', 'CRYPTO');
INSERT INTO ASSET (ID, ASSET_NAME, ASSET_TYPE) VALUES (13, 'Cardano', 'CRYPTO');
INSERT INTO ASSET (ID, ASSET_NAME, ASSET_TYPE) VALUES (14, 'Bitcoin', 'CRYPTO');
INSERT INTO ASSET (ID, ASSET_NAME, ASSET_TYPE) VALUES (15, 'Dogecoin', 'CRYPTO');
INSERT INTO ASSET (ID, ASSET_NAME, ASSET_TYPE) VALUES (16, 'Litecoin', 'CRYPTO');
INSERT INTO ASSET (ID, ASSET_NAME, ASSET_TYPE) VALUES (17, 'U.S. 10Y', 'BOND');
INSERT INTO ASSET (ID, ASSET_NAME, ASSET_TYPE) VALUES (18, 'U.S. 2Y', 'BOND');
INSERT INTO ASSET (ID, ASSET_NAME, ASSET_TYPE) VALUES (19, 'U.K. 10Y', 'BOND');
INSERT INTO ASSET (ID, ASSET_NAME, ASSET_TYPE) VALUES (20, 'France 10Y', 'BOND');
INSERT INTO ASSET (ID, ASSET_NAME, ASSET_TYPE) VALUES (21, 'Japan 10Y', 'BOND');

INSERT INTO WALLET_ASSET_OWNERSHIP (ID, WALLET_ID, ASSET_ID, UNITS) VALUES (1, 1, 1, 1.1);
INSERT INTO WALLET_ASSET_OWNERSHIP (ID, WALLET_ID, ASSET_ID, UNITS) VALUES (2, 1, 2, 1.2);
INSERT INTO WALLET_ASSET_OWNERSHIP (ID, WALLET_ID, ASSET_ID, UNITS) VALUES (3, 1, 3, 1.3);
INSERT INTO WALLET_ASSET_OWNERSHIP (ID, WALLET_ID, ASSET_ID, UNITS) VALUES (4, 2, 7, 1.4);
INSERT INTO WALLET_ASSET_OWNERSHIP (ID, WALLET_ID, ASSET_ID, UNITS) VALUES (5, 2, 8, 1.5);
INSERT INTO WALLET_ASSET_OWNERSHIP (ID, WALLET_ID, ASSET_ID, UNITS) VALUES (6, 2, 9, 1.6);
INSERT INTO WALLET_ASSET_OWNERSHIP (ID, WALLET_ID, ASSET_ID, UNITS) VALUES (7, 2, 12, 1.7);
INSERT INTO WALLET_ASSET_OWNERSHIP (ID, WALLET_ID, ASSET_ID, UNITS) VALUES (8, 2, 13, 1.8);
INSERT INTO WALLET_ASSET_OWNERSHIP (ID, WALLET_ID, ASSET_ID, UNITS) VALUES (9, 2, 18, 1.9);
INSERT INTO WALLET_ASSET_OWNERSHIP (ID, WALLET_ID, ASSET_ID, UNITS) VALUES (10, 2, 19, 2);